-- phpMyAdmin SQL Dump
-- version 4.7.7
-- https://www.phpmyadmin.net/
--
-- Host: localhost:3306
-- Generation Time: Jul 03, 2018 at 09:53 AM
-- Server version: 10.1.31-MariaDB-cll-lve
-- PHP Version: 5.6.30

SET SQL_MODE = "NO_AUTO_VALUE_ON_ZERO";
SET AUTOCOMMIT = 0;
START TRANSACTION;
SET time_zone = "+00:00";


/*!40101 SET @OLD_CHARACTER_SET_CLIENT=@@CHARACTER_SET_CLIENT */;
/*!40101 SET @OLD_CHARACTER_SET_RESULTS=@@CHARACTER_SET_RESULTS */;
/*!40101 SET @OLD_COLLATION_CONNECTION=@@COLLATION_CONNECTION */;
/*!40101 SET NAMES utf8mb4 */;

--
-- Database: `brinta_eod`
--

-- --------------------------------------------------------

--
-- Table structure for table `clientList`
--

CREATE TABLE `clientList` (
  `clientID` int(11) NOT NULL,
  `traderID` int(11) DEFAULT NULL,
  `clientName` text,
  `accountName` text,
  `commission` text,
  `addedBy` int(11) DEFAULT NULL
) ENGINE=MyISAM DEFAULT CHARSET=latin1;

--
-- Dumping data for table `clientList`
--

INSERT INTO `clientList` (`clientID`, `traderID`, `clientName`, `accountName`, `commission`, `addedBy`) VALUES
(1, 1, 'Brinta', 'b-a', '10', 1),
(2, 1, 'S Ashik', 'a-aj', '5', 1),
(3, 1, 'tyr', 'ddf', '5', 1),
(5, 1, 'tyr', 'gffg', '6', 1),
(7, 25, 'test', 'test', '0', 1),
(8, 1, 'Two', 'Three', '0', 1),
(9, 25, 'Client A', 'Account A', '1', 1),
(10, 25, 'test trader', 'tt acc', '6', 1),
(11, 27, 'AJO', 'AJO', '.01', 1),
(12, 27, 'OMERS', 'OMERS', '.1', 1),
(13, 27, 'OMERS', 'OMERS_BIDS', '.02', 1),
(14, 27, 'JPM', 'JPM Asset', '0', 1),
(15, 27, 'JPM', 'JPM_BIDS', '0', 1),
(16, 25, 'Vanguard', 'Vanguard', '0', 1),
(17, 25, 'Vanguard', 'Vanguard (BIDS)', '0', 1),
(18, 25, 'clienttest', 'gobbledy', '.02', 1),
(19, 29, 'BAC', 'BAC1', '.25', 1),
(20, 28, 'Brmy', 'MarkyMt', '.15', 1),
(21, 28, 'Jim', 'Sales ', '.17', 1);

-- --------------------------------------------------------

--
-- Table structure for table `sessions`
--

CREATE TABLE `sessions` (
  `id` varchar(128) NOT NULL,
  `ip_address` varchar(45) NOT NULL,
  `timestamp` int(10) UNSIGNED NOT NULL DEFAULT '0',
  `data` blob NOT NULL
) ENGINE=MyISAM DEFAULT CHARSET=latin1;

--
-- Dumping data for table `sessions`
--

INSERT INTO `sessions` (`id`, `ip_address`, `timestamp`, `data`) VALUES
('5vgcv7ibg0hm446b4dun1r2bjroq76gl', '38.112.182.5', 1530624381, 0x683075566f5474526e45473478352d746f71726d435564584963376d76517968507570453756566175714c46386b6a4d6251725042374f386f5339444c515f65672d66534b696b56797077655530416d582d6154496c3545575438376d563475494139493851374936566f6e4b574f5777785a364442396c3962656a76434a57724952546864506d4b5678656e32442d525f54386f517a325a5345794b4b7934396935617a4f56357a6e4d714b424a3159436144415a4c2d4a5842434b71576f537a5f736b52766172525a6c4e3363486e6249557752446e315a6c326b675962712d78573146766330724a4b77785a5138492d3746365f795a733862535a465338356548466a4676426434504f774a4f4b78646f6e62323667475a796d4c556e305244734b37632d41334358644635654f6a4a764d734d71745967464a3333302d4d70344869493968516b70315555705352574e515464326c38744130724b705a6167446d735070423466565f66764e6f6f32554775715f694844767a553465786b78614f64776834306739414f334e753551493070724b5a32784e5978536a713077755f2d4c4e33525846614a3465396e536b784978386d4f6851566a33373536694f42504e573053715754676a796a504334353859624e5458655057595363626e4a6658487855354b53487352305474325074776b4c49575f4441722d4e513237745641545556346d484b36424f7276544933636d7373574d514b69596a6b6d41786a372d6e673473704c34767663553749413932546c7371484e3971713350355847752d4b553341634f636858584b465138456f3346574c63387951785f2d6e55774c634d725163686765524c784756665a37575457766d6b4f5f495a6261347035495477575644565838662d46696e3330767571526c496376334862677871465a46324d705373772d6c37586e685a72384b5f563067317a4a394839454b794b635f6f66506a72616c794678796e4751716b4e59724261476c6f4372504833713842656773686f2e),
('ea998gso4c09b86vkjrbobh6qcvl8j4l', '42.0.4.229', 1530624612, 0x3862484272796271336442534851594a6931466d5971656651494947386333423372456f65666d6e656a34787742334e7775716d665473674c316f4a32596e58315750367a65523765633643614e4e786234382d6d527679676a3745646f7538655835323044575f2d314e544a76416c493843375f5737776847775f47506d4b684c4b652d37625056584636675137767a594367514a70515977414e624756326e6349515f5f66736441696a46304e4e61545f32377a676a7446684a6a56346b5765507162777439724551396a48456751515966614634444c333168514246325364576942702d5070717830313532565152394d6a483177674a6c70473662394763516848766569646e465955464239644c675a6f6346663135665a6e72346431635953494843624542485a727742764b324770527a4857385964696b4236436c66317870577a6c7769537964786a5a2d2d346b6f5439305353656c746a3639772d7352694d6565396f6b464d4947742d664332454162735172757a53436158314b703454736d6b7274577934394650414f36445067456a7a49304f634b537558787859694745476a327763644a3951426355322d5635444850635a71496763626b4556726f4e474f72504256372d70333943327a6c746f42417352555943484d714630785a6f49577446797141594f33794b6a315a77324e675a4f463177544c58305f4555555f4a36425042367172686f734375304c684877616c54644e4c487346525945745a314a6a5266797a685679673564626d52304656685669496c3232783639423462376e656b6e4f435070716e5f4241466d645948715f372d5143394672345178705a6d33344c747a6f46797a70575a5847446d3665496d4c756a545441306179386c3057624e6759656847536f4b31666d42542d42757330746535305f526c525632655153426832484e6b424b776e4642424b765067353932614d7648366b335265625a7651384c78387132315a654677416d55494e75696e57697a377566387179334d3765554c4755464965562d6c616c3831797159436f6d735a617341794969636f44574830445f454869484d32565154364a4e456c7a54324333595570446e304d2e),
('knik4bpgav03kdj8stpgat0f1m58uo7a', '42.0.4.229', 1530624885, 0x51536d716f6c35466b554e653378676463676b4c4d64315a4646465476764d695777346a6d6d32766b437239796374566671726630646e3564303164416d6f4c3578366a6e6169495173794b753362456f48595073772e2e),
('t2e0hn3is7hte82tt7s00f4mcfj2oi92', '38.112.182.5', 1530625138, 0x67337a324f33536c6c566d57516e483134747943446564585f336a78426456504938572d7777384671546142306b572d516b6e4655646d5f36514870676b7657427032324c327178445a6b78557271383254553858564c4b6f73485976536a387a4331653062705431384d71454a4f543356574e697a4d476434576f363441674e517857326c6a48514f792d6a7958685f685a555061367659536555654b5443454744644e35344e6757496f32386c5671414e42366d6b4e4d484f4777393232684c70564c68744a5337325659485f57765f456a58376c55667333434e62546e456d6e485365793642724b6365627876654c31673968475f67323259354973324971453232336e6a6b566b575a3365646848436f5f5065647a5a435a77734248576e43456e53376e5453643931766d714f417a4d684b53326464414b4c574e6c5848464a704f516b4d4548665170424e784e7a666b566163486e504e59426874307957424838346b52484e5a7632524b414a3870337656663952455061766d4850556f316f4a555f493264415f59305472324e656a4e345a363657782d784356794c767a5271436a4d5f6234455355463644376936516551624b48636f555856536c6b4973496634424457386f51334f4f6238785674446a64327a4159574f4675575856724f70697947333851376670574d42564f374154754b55344d5145546743666133476a714f6e4f3767335447567937594f6b316833687a684c416765426771446864797370777a6731616c517052692d6d466179736e636e585f6946686e5a4f2d4745486461645851754c453768336d6e5045357339706e39357947724c5047444253567669515a7037464f4e596364394e4b336e6c5a65616c30717853333971447854326f545675475750475a716f504a5f6c4e3130764863565f7636584c345f5838456d78585f546a484a547639485746747658316f444355612d6c4456344c7776564a776864584c6f75454b556e6967746b31774f704d6e5a4f4f436a44476f395861492e),
('92ggdf0s3vta51qd5jna1dg60j9tm1n5', '38.112.182.5', 1530625043, 0x374f5336514c6e6532424e374b305f344a4b535776734530744f57733861354a7a5374584e774d536d445a66556677644c5651414c74376731504f61484456706e6d664c2d51366f7861505a6b63714a3744476a565244772d69394e6f504959437330655a517250366a4e6c677355467378426b784b384f4b5f6478704232794b42654158706a375148514e517149377432584339525f5a723442685f7463487a5371774c6e307046507634356f32796e72766e4f4f43436c30657a59327453506150394831774f53665a722d697743694f3578325656675f686f6a6b72313034514177734f5247667a4f524a7176445051677a414b7951506e303545517a48616630346c3268524d764b33635f6f6868597269355f34617261706473494e6a733176354a56696778324c796135524245686b584e6969446c312d4376775f39376243664764653345565452686a6a416c5231716d796355765f5279644b3779522d437153722d4b346e656a56746f7631514d6f5477742d56426c6a626c65324c7a374d6d5f72564b43674c5438707a787546424c785a424e55727039646e784b367134364b72423234315269333238324668786c5a4f416f44324b7459746f5a423265694a764a5853664a76536966487366633966544b645a5f50646534526e45316f346c2d716e4964764d50634e537847464570754639455a6631307a6a736f573135704d4239615735757650396c304575515350466a4531705970704b494743377471775a4f79326c56435f626c5561746a43554e4c5962522d4741314745354b6e4f6d685463456178505157716936355f4c4769523543454d5a343632446b5a59735f704a5f675269676859355a4e41464a736d6665575265636834304e5758615f4c4d6f6a73454536647671474b5847614e4134366c44635f75486775793370794376624c4a3233707342754e4a674e44416633744f577a5570666b4b4f65766b537966417a5946504c764b387458516f414a324e43656f4b5f656575573257775839514f512e);

-- --------------------------------------------------------

--
-- Table structure for table `Trade`
--

CREATE TABLE `Trade` (
  `id` bigint(20) NOT NULL,
  `Date` text,
  `Client` text,
  `AccountSelection` text,
  `Commission` text,
  `CommissionEdited` text,
  `TradeType` text,
  `Side` text,
  `Symbol` text,
  `Shares` text,
  `AveragePrice` text,
  `TotalCommission` text,
  `SoftDollars` text,
  `NetCommission` text,
  `allocationToFR` text,
  `fr` int(11) DEFAULT NULL,
  `PotentialReferral` text,
  `Notes` text,
  `TraderID` bigint(20) DEFAULT NULL,
  `addedTime` text
) ENGINE=MyISAM DEFAULT CHARSET=latin1;

--
-- Dumping data for table `Trade`
--

INSERT INTO `Trade` (`id`, `Date`, `Client`, `AccountSelection`, `Commission`, `CommissionEdited`, `TradeType`, `Side`, `Symbol`, `Shares`, `AveragePrice`, `TotalCommission`, `SoftDollars`, `NetCommission`, `allocationToFR`, `fr`, `PotentialReferral`, `Notes`, `TraderID`, `addedTime`) VALUES
(1, '2018-05-18', '1', 'a-a', '10', 'Yes', 'Single Stock', 'Buy', '98', '80', '85', '800', '85', '715', 'Yes', 10, 'MS , TCA', 'gh', 1, '2018-05-17 23:47:09'),
(2, '2018-05-25', '1', 'b-a', '10', 'No', 'Single Stock', 'Buy', 'aapl', '4', '0.0045', '40', '3.21', '37', 'Yes', 0, 'N/A', 'test', 1, '2018-05-25 11:28:42'),
(3, '2018-06-27', '9', 'Account A', '1', 'Yes', 'Single Stock', 'Buy', 'jui', '65', '10.00', '65', '1.9864', '63.0136', 'No', 0, 'IB', 'ui', 1, '2018-06-27 10:32:41'),
(4, '2018-06-27', '12', 'OMERS_BIDS', '.02', 'Yes', 'Single Stock', 'Buy', '', '100', '5.421', '2.00', '', '', 'No', 0, 'N/A', '', 27, '2018-06-27 10:41:26'),
(5, '2018-06-27', '16', 'Vanguard (BIDS)', '0', 'Yes', 'Single Stock', 'Buy', '', '100', '5', '0', '', '', 'No', 0, 'N/A', '', 25, '2018-06-27 12:56:25'),
(6, '2018-06-27', '16', 'Vanguard (BIDS)', '0', 'No', 'Single Stock', 'Buy', 'aapl', '100', '45.45', '0', '', '', 'No', 0, 'N/A', '', 25, '2018-06-27 12:58:07'),
(7, '2018-06-27', '16', 'Vanguard (BIDS)', '0', 'No', 'Single Stock', 'Buy', 'test', '100', '24.1', '0', '', '', 'No', 0, 'N/A', '', 25, '2018-06-27 16:31:08'),
(8, '2018-06-27', '10', 'tt acc', '6', 'Yes', 'Single Stock', 'Buy', 'aa', '2', '2.2', '12', 'ag', '', 'No', 0, 'N/A', '', 25, '2018-06-27 16:40:44'),
(9, '2018-06-27', '9', 'Account A', '1', 'Yes', 'Single Stock', 'Buy', 'gfgf', '100', '25.2', '100', '', '', 'No', 0, 'N/A', '', 25, '2018-06-28 10:58:01'),
(10, '2018-06-27', '20', 'MarkyMt', '.15', 'Yes', 'Basket', NULL, NULL, '50000', '15.32', '7500.00', '', '', 'No', 0, 'MS', '', 28, '2018-06-28 11:14:29'),
(11, '2018-06-27', '19', 'BAC1', '.10', 'Yes', 'Single Stock', 'Buy', 'NVDA - NVIDIA CORP', '50000', '238.56', '5000.00', '10', '4990.00', 'No', 0, 'FR', 'Cant add symbol \r\n', 29, '2018-06-28 11:15:44'),
(12, '2018-06-27', '21', 'Sales ', '.17', 'Yes', 'Basket', NULL, NULL, '50', '12.37', '8.50', '', '', 'No', 0, 'TCA', '', 28, '2018-06-28 11:17:01'),
(13, '2018-06-27', '20', 'MarkyMt', '.15', 'No', 'Basket', NULL, NULL, '25000', '300.35', '3750.00', '', '', 'No', 0, 'FR', '', 28, '2018-06-28 12:11:21'),
(14, '2018-06-29', '1', 'b-a', '10', 'No', 'Single Stock', 'Buy', 'h', '57', '0.01', '570', '1.98', '568.02', 'No', 0, 'TCA', 'test', 1, '2018-06-29 03:17:11'),
(15, '2018-06-29', '1', 'b-a', '10', 'No', 'Basket', NULL, NULL, '01', '0.002', '10', '0', '10', 'No', 0, 'FR', '', 1, '2018-06-29 13:29:43'),
(16, '2018-07-03', '10', 'tt acc', '.54', 'Yes', 'Basket', NULL, NULL, '100', '4.32', '54.00', '0', '54.00', 'No', 0, 'N/A', '', 25, '2018-07-03 09:24:10'),
(17, '2018-07-03', '7', 'test', '.6', 'Yes', 'Single Stock', 'Buy', 'aapl', '200', '4.3', '120.0', '0', '120.0', 'No', 0, 'N/A', '', 25, '2018-07-03 09:25:55'),
(18, '2018-07-03', '9', 'Account A', '1', 'No', 'Single Stock', 'Buy', 'appl', '100', '12.1', '100', '0', '100', 'No', 0, 'N/A', '', 25, '2018-07-03 09:38:36');

-- --------------------------------------------------------

--
-- Table structure for table `users`
--

CREATE TABLE `users` (
  `id` bigint(20) NOT NULL,
  `firstName` mediumtext COLLATE utf8_unicode_ci,
  `lastName` mediumtext COLLATE utf8_unicode_ci,
  `birthDate` text COLLATE utf8_unicode_ci,
  `email` varchar(100) COLLATE utf8_unicode_ci NOT NULL,
  `phoneNumber` text COLLATE utf8_unicode_ci,
  `admin` tinyint(4) DEFAULT '0',
  `position` mediumtext COLLATE utf8_unicode_ci,
  `dateOfReg` varchar(20) COLLATE utf8_unicode_ci DEFAULT NULL,
  `registeredBy` bigint(20) DEFAULT '0',
  `password` text COLLATE utf8_unicode_ci NOT NULL
) ENGINE=MyISAM DEFAULT CHARSET=utf8 COLLATE=utf8_unicode_ci;

--
-- Dumping data for table `users`
--

INSERT INTO `users` (`id`, `firstName`, `lastName`, `birthDate`, `email`, `phoneNumber`, `admin`, `position`, `dateOfReg`, `registeredBy`, `password`) VALUES
(24, 'S', 'Shawon', '1995-10-14', 'dobrinta@gmail.com', '1760509131', 0, 'Admin Viewer', NULL, 0, 'c5c83c47caafad3a30c097f21d68ef5acd6a19eabd5ae3655e2d49621fe7f01e07560c0c023d67d0aa472bde0f0c4029ba8fa5a0a2814bf448b8722ad1bc85b7pQhKrhnIc/kO0p95vv03nEgAg/4Cj0RyGpfoqFgTVzU='),
(1, 'S. M. Ashik Ul Huq', 'Brinta', '1995-10-14', 'brrinta', '8801760509131', 1, 'Admin Editor', '1520029002', 0, 'bc4f9817cf405d5e5bc7a0356baafe375355007a70cebf170ea12afd2ffaf575509243cff5e296918c5aa7678d4b0568a14247c4eb0e2881454db74a900e2f1dGRgyKeQ2wFgQQLXA/5RpZkukiRTr10HDGuZcPpPpNgs='),
(23, 'S', 'Ashik', '1995-10-14', 'brrinta@gmail.com', '1760509131', 0, 'Trader', NULL, 0, '0bb7c2c850e286c25a7a83d8aa9232d17dedaf6112865e14edaee2133abe77a416c73c0f8d968a54c3eca951d0a4320f210d502e53d19d7bfd1912d721e6f668jUb8V+Gu/JRc764GW9xBhET06NT5B7H/U3ovezKmNvM='),
(25, 'Tahl', 'Rapaport', '2018-05-16', 'tahl@rblt.com', '', 0, 'Trader', NULL, 0, '48a9a659224d4b81142409dcd8090f17a34d250197aec3298451a1334b773a0a7322fc96aa2c9acda2ecbadbb316b555be23cd3c052857736f901d31eede4944hUkqT0GqbUG1gMIyhX5vvxkpsIUzznD339owgkwgC8g='),
(26, 'FirstNameTest1', 'LastNameTest', NULL, 'tahlsr@gmail.com', '', 0, 'Trader', NULL, 0, 'd29bfb423b46a2b3ed6bc5e0001a420c5d5afc72cedb7f0842fb52d95b25a5367837dc41e3a598c28ea4a713722565b7bea48ec394cd14188a5b1ba89931100fAQLwUQDTQGFpeFkauK1JVdmSf/nqXRNZ/hsTQeSoAWQ='),
(27, 'RBLT', 'Desk', NULL, 'desk@rblt.com', '', 0, 'Trader', NULL, 0, 'c32d37fc6f4b779a8c1ae2ee54cd7d7a2b032e464c5bd9771826f54329fda4faca1085f7e7e74c9479269abe88c6858a68c06b65e35dfe2659baa902717b2075O10z9gobYArvkXFINgIf9kNgLT7xSgTTCoORw3VZaAI='),
(28, 'Conor', 'Lawrence', NULL, 'conorlawrence10@rblt.com', '2222222222', 0, 'Trader', NULL, 0, '239aded0a2dd928d07b0bdbe215d1ea0d5992758aca377e42d5951385c28e4d956a20a65600e8f06db9e24a0c972699d387a0085b197498f6168ac88e343ac5bZOocqVL/9kgSRuSgIwvZ1td43NIvGr82ahpDwVj7nHM='),
(29, 'C', 'Bader', NULL, 'cbader@rblt.com', '5555555557', 0, 'Trader', NULL, 0, '79fad4e0c1f95fa02f669168e763beb6513489c3070fef119bf08c0398c209876159fd623c5efb523480ebec5028d6a4727bcfdf4a48950b8fa2a05b0749618c2yDeqsPxREk2TvZDduvHT9bbZUPo60zP65nwXSFVkUo='),
(30, 'Joe', 'Smith', NULL, 'jsmith@rblt.com', '555-636-8882', 0, 'Admin Viewer', NULL, 0, '342991e4883e59d7c04db279e5a3f2f06371743b255d8f0707647ba4f03144aa43cffa1c17b59b6e72216bee96918dc79a6550d2c8b33ecce0e2bb4785c0eac2UeOi9olFwljOyMJVwsfBgs5yNyERJcX2L24wKa64kOI='),
(31, 'Joe', 'Lawrence', NULL, 'JL@rblt.com', '555-636-8882', 0, 'Admin Viewer', NULL, 0, 'b955ae9d317a8acb71f3899a178fe59da3b0cc1330ef86182c2ce7ad4d941580d6c7a5f1e352464836e0cad5a34fcd485f4f009e1be39d8223a9e6c01df9757aEIj8zpV+MQVCFSBjKB9mwFYMhPXQuQrS+9O3d5Owh/k=');

--
-- Indexes for dumped tables
--

--
-- Indexes for table `clientList`
--
ALTER TABLE `clientList`
  ADD PRIMARY KEY (`clientID`);

--
-- Indexes for table `sessions`
--
ALTER TABLE `sessions`
  ADD KEY `ci_sessions_timestamp` (`timestamp`);

--
-- Indexes for table `Trade`
--
ALTER TABLE `Trade`
  ADD PRIMARY KEY (`id`);

--
-- Indexes for table `users`
--
ALTER TABLE `users`
  ADD PRIMARY KEY (`id`),
  ADD UNIQUE KEY `email` (`email`);

--
-- AUTO_INCREMENT for dumped tables
--

--
-- AUTO_INCREMENT for table `clientList`
--
ALTER TABLE `clientList`
  MODIFY `clientID` int(11) NOT NULL AUTO_INCREMENT, AUTO_INCREMENT=23;

--
-- AUTO_INCREMENT for table `Trade`
--
ALTER TABLE `Trade`
  MODIFY `id` bigint(20) NOT NULL AUTO_INCREMENT, AUTO_INCREMENT=19;

--
-- AUTO_INCREMENT for table `users`
--
ALTER TABLE `users`
  MODIFY `id` bigint(20) NOT NULL AUTO_INCREMENT, AUTO_INCREMENT=32;
COMMIT;

/*!40101 SET CHARACTER_SET_CLIENT=@OLD_CHARACTER_SET_CLIENT */;
/*!40101 SET CHARACTER_SET_RESULTS=@OLD_CHARACTER_SET_RESULTS */;
/*!40101 SET COLLATION_CONNECTION=@OLD_COLLATION_CONNECTION */;
